id,name.local,name.en,name.slug,code.id,geo.lat,geo.lon
MG22202010,Ambatofinandrahana,Ambatofinandrahana,ambatofinandrahana,MG22202010,-20.465,46.811
MG22202110,Ambatomifanongoa,Ambatomifanongoa,ambatomifanongoa,MG22202110,-20.247,46.926
MG22202090,Ambondromisotra,Ambondromisotra,ambondromisotra,MG22202090,-20.325,46.861
MG22202130,Amborompotsy,Amborompotsy,amborompotsy,MG22202130,-24.707,44.955
MG22202050,Fenoarivo,Fenoarivo,fenoarivo,MG22202050,-23.1,47.533
MG22202030,Itremo,Itremo,itremo,MG22202030,-20.509,46.615
MG22202150,Mandrosonoro,Mandrosonoro,mandrosonoro,MG22202150,-20.578,45.969
MG22202170,Mangataboahangy,Mangataboahangy,mangataboahangy,MG22202170,-20.218,46.149
MG22202070,Soavina,Soavina,soavina,MG22202070,-20.364,48.253
